John Smith,35,johnsmith@example.com,555-1234,123 Main St
Jane Doe,28,janedoe@example.com,555-5678,456 Elm St
Michael Johnson,42,michaeljohnson@example.com,555-9876,789 Oak St
Emily Brown,31,emilybrown@example.com,555-4321,321 Pine St
Sarah Davis,39,sarahdavis@example.com,555-8765,654 Maple St
David Wilson,45,davidwilson@example.com,555-2345,987 Cedar St
Jessica Lee,33,jessicalee@example.com,555-6789,654 Birch St
Matthew Miller,37,matthewmiller@example.com,555-5432,321 Walnut St
Jennifer Thompson,29,jenniferthompson@example.com,555-8765,789 Pine St
Andrew Clark,36,andrewclark@example.com,555-3456,456 Cedar St
Amanda Martinez,27,amandamartinez@example.com,555-7890,123 Elm St
James Rodriguez,41,jamesrodriguez@example.com,555-2345,987 Oak St
Ashley Garcia,30,ashleygarcia@example.com,555-6789,654 Pine St
Daniel Wilson,32,danielwilson@example.com,555-4321,321 Maple St
Stephanie Wright,38,stephaniewright@example.com,555-9876,789 Elm St
Jonathan Perez,34,jonathanperez@example.com,555-2345,456 Oak St
Melissa Turner,26,melissaturner@example.com,555-6789,123 Cedar St
Christopher Davis,43,christopherdavis@example.com,555-3210,987 Birch St
Lauren Adams,31,laurenadams@example.com,555-7654,654 Walnut St
Nicholas Hill,40,nicholashill@example.com,555-2109,321 Pine St
Samantha Baker,35,samanthabaker@example.com,555-6543,789 Cedar St
Robert Garcia,29,robertgarcia@example.com,555-0987,456 Elm St
Olivia Clark,44,oliviaclark@example.com,555-4321,123 Oak St
Justin Martin,27,justinmartin@example.com,555-8765,987 Pine St
Vanessa Wright,39,vanessawright@example.com,555-3210,654 Cedar St
Benjamin Turner,33,benjaminturner@example.com,555-7654,321 Elm St
Natalie Hill,28,nataliehill@example.com,555-2109,789 Oak St
Kevin Adams,37,kevinadams@example.com,555-6543,456 Pine St
Linda Baker,34,lindabaker@example.com,555-0987,123 Maple St
Brandon Perez,30,brandonperez@example.com,555-5432,987 Elm St
